{
  "13132": {
    "root_address": "0x276A59E2CF8",
    "process_id": 13132,
    "timestamp": 1770228022.8313105,
    "game_version": null
  },
  "16208": {
    "root_address": "0x1E8B0DD5BA8",
    "process_id": 16208,
    "timestamp": 1770248603.8430545,
    "game_version": null
  }
}